{
    "NaCl": {
        "alpha1": 1.4,
        "alpha2": 0.5,
        "beta0": [
            0.256901,
            0,
            -0.4927911,
            0,
            0,
            0
        ],
        "beta1": [
            0.5657432,
            -335.8675,
            -1.878387,
            0,
            0,
            0
        ],
        "beta2": [
            -1.091297,
            0,
            0.9013925,
            0,
            0,
            0.1489073
        ],
        "C_phi": [
            -0.004726933,
            0,
            0.008854208,
            0,
            0,
            0
        ]
    },
    "NaNO3": {
        "alpha1": 1.7,
        "alpha2": 0.8,
        "beta0": [
            0.4227784,
            -209.9681,
            -0.3306167,
            0,
            0,
            -0.09754582
        ],
        "beta1": [
            7.254621,
            -17109.39,
            -87.30723,
            0.1224729,
            0,
            -1.64495
        ],
        "beta2": [
            -3.95026,
            1596.136,
            2.670817,
            0,
            0,
            0.917641
        ],
        "C_phi": [
            -0.005566523,
            3.177426,
            0.005569587,
            0,
            0,
            0.00128459
        ]
    },
    "Na2SO4": {
        "alpha1": 1.2,
        "alpha2": 0.2,
        "beta0": [
            0.5002718,
            7362.932,
            46.99443,
            -794.1344,
            0,
            0
        ],
        "beta1": [
            1.021684,
            -4221.184,
            -13.25564,
            0,
            0,
            0
        ],
        "beta2": [
            -2.118405,
            -10429.77,
            -69.10828,
            0.1184556,
            0,
            0.3144602
        ],
        "C_phi": [
            -0.005061284,
            0,
            -0.04425431,
            0.0001847906,
            0,
            0
        ]
    },
    "KCl": {
        "alpha1": 2,
        "alpha2": 0,
        "beta0": [
            0.05087633,
            -726.7703,
            -3.57202,
            0.004444364,
            0,
            0
        ],
        "beta1": [
            -7.100622,
            28340.08,
            198.7679,
            -0.4908723,
            0.0002026021,
            1.701432
        ],
        "beta2": [
            0,
            0,
            0,
            0,
            0,
            0
        ],
        "C_phi": [
            -0.0006456211,
            57.74723,
            0.6043198,
            -0.0004001186,
            0,
            0
        ]
    },
    "KNO3": {
        "alpha1": 1.4,
        "alpha2": 0.5,
        "beta0": [
            -0.003837176,
            0,
            0,
            0,
            0,
            0
        ],
        "beta1": [
            -2.893107,
            0,
            0,
            -0.005143481,
            0,
            0.7044389
        ],
        "beta2": [
            -0.1575356,
            0,
            0.5093,
            0,
            0,
            0
        ],
        "C_phi": [
            0,
            0,
            0,
            0,
            0,
            0
        ]
    },
    "K2SO4": {
        "alpha1": 1.4,
        "alpha2": 0,
        "beta0": [
            0,
            -608.0135,
            -3.088,
            0.004265,
            0,
            0
        ],
        "beta1": [
            -23.58404,
            114331.2,
            881.8416,
            -2.397456,
            0.001099367,
            5.638375
        ],
        "beta2": [
            0,
            0,
            0,
            0,
            0,
            0
        ],
        "C_phi": [
            0.003236876,
            0,
            0.05408952,
            -0.0002342338,
            8.86856e-08,
            0
        ]
    },
    "A_phi": [
        -0.817653,
        -0.8685276,
        19251.0,
        0.005251284,
        -7.149397e-06,
        9.338559e-12
    ]
}