{
    "NaCl": [
        -3.194744e-1,
        0,
        4.057681,
        -2.085546e-2,
        0,
        9.243879e-1
    ],
    "Na2SO4": [
        -7.072836e-1,
        -9.860330e3,
        -3.397271,
        0,
        0,
        0
    ],
    "Na2SO4-10H2O": [
        2.845545,
        0,
        7.977607e1,
        1.610020e-1,
        0,
        0
    ],
    "KCl": [
        2.08176317,
        -7552.777539,
        -18.3058136,
        0,
        0,
        0
    ]
}
