{
    "NaCl": [
        -3.194744e-1,
        0,
        4.057681,
        -2.085546e-2,
        0,
        9.243879e-1
    ],
    "Na2SO4": [
        -7.072836e-1,
        -9.860330e3,
        -3.397271,
        0,
        0,
        0
    ],
    "KCl": [
        2.081763,
        7.552778e3,
        1.830581e1,
        0,
        0,
        0
    ]
}
